id;tracking_code;jhi_date;details;invoice_id
1;Mouse Villages;2023-04-13T23:49:33;unleash integrate;1
2;Gloves Account Belarussian;2023-04-14T09:49:54;Orchestrator Stravenue;2
3;Gorgeous Checking;2023-04-13T15:08:26;SSL zero;3
4;user-facing turquoise;2023-04-14T04:58:34;Kanada Garden auxiliary;4
5;experiences multi-tasking Tasty;2023-04-13T16:26:27;Viaduct Bedfordshire;5
6;Shoes Avon;2023-04-14T11:48:00;Lilangeni;6
7;Music Handmade;2023-04-13T21:25:38;Estate red;7
8;Officer mobile Specialist;2023-04-14T07:15:41;system;8
9;bypass;2023-04-14T12:47:59;Streamlined;9
10;invoice Quality-focused hack;2023-04-13T17:08:48;wireless Borders;10
